,f1,f2,f3,f4,f5,f6,Stage
0,0.037483,0.005767,0.0012373,0.0031533,0.0012373,1.3058,1
1,0.027802,0.0053559,0.0012622,0.0035022,0.0012622,1.3085,1
2,0.030149,0.0053976,0.0012183,0.0034074,0.0012183,1.3081,1
3,0.014595,0.0041233,0.0015279,0.0030378,0.0015279,1.3114,1
4,0.010791,0.0054433,0.0020436,0.0050528,0.0020436,1.3126,1
5,0.013039,0.0055952,0.0016047,0.0048867,0.0016047,1.3127,1
6,0.012225,0.0059075,0.0020773,0.0059131,0.0020773,1.3127,1
7,0.010048,0.0039411,0.0008833,0.0026256,0.0008833,1.313,1
8,0.0075042,0.0033385,0.0013244,0.0024553,0.0013244,1.3133,1
9,0.0071859,0.0054752,0.0023882,0.0048747,0.0023882,1.3133,1
10,0.011827,0.0056063,0.001674,0.0045105,0.001674,1.3131,1
11,0.00994,0.0063123,0.0033242,0.0058757,0.0033242,1.313,1
12,0.0055225,0.0042159,0.0011736,0.0023981,0.0011736,1.314,1
13,0.0022025,0.0021079,0.00076576,0.0013411,0.00076576,1.3147,1
14,0.0057439,0.0054945,0.0022464,0.004439,0.0022464,1.3137,1
15,0.010081,0.0059345,0.0018634,0.0043837,0.0018634,1.3132,1
16,0.0097022,0.0072269,0.0037873,0.0061438,0.0037873,1.3129,1
17,0.0042242,0.004499,0.0015012,0.002555,0.0015012,1.3142,1
18,0.0020879,0.0023331,0.0015303,0.0021615,0.0015303,1.3146,1
19,0.0047986,0.0048356,0.0020058,0.003801,0.0020058,1.3139,1
20,0.0078384,0.0057078,0.0018588,0.0039809,0.0018588,1.3135,1
21,0.0059549,0.0058057,0.0022142,0.0038993,0.0022142,1.3137,1
22,0.0034675,0.0038092,0.0014068,0.0023841,0.0014068,1.3144,1
23,0.0024782,0.0030284,0.0018581,0.0025183,0.0018581,1.3145,1
24,0.0027031,0.0033257,0.0019654,0.0027124,0.0019654,1.3144,1
25,0.0031975,0.003875,0.0020766,0.0030272,0.0020766,1.3143,1
26,0.0054564,0.0050357,0.0017101,0.0030673,0.0017101,1.314,1
27,0.0037506,0.0048441,0.0017839,0.0026682,0.0017839,1.3143,1
28,0.0035412,0.0043654,0.0015313,0.0025682,0.0015313,1.3143,1
29,0.0030159,0.0040718,0.0013947,0.0022393,0.0013947,1.3144,1
30,0.0011556,0.0020899,0.0011766,0.0014851,0.0011766,1.3149,1
31,0.0014449,0.0025446,0.001353,0.0016631,0.001353,1.3148,1
32,0.0018105,0.0031045,0.0015586,0.001856,0.0015586,1.3147,1
33,0.0023697,0.0041702,0.001858,0.0021957,0.001858,1.3145,1
34,0.0016941,0.0037873,0.0017386,0.0018572,0.0017386,1.3147,1
35,0.0010866,0.002159,0.0012831,0.0014763,0.0012831,1.3149,1
36,0.0013588,0.0030354,0.0016674,0.0017865,0.0016674,1.3147,1
37,0.0013586,0.0035914,0.0016405,0.0016339,0.0016405,1.3147,1
38,2.4601,0.56811,0.20314,0.13051,0.20314,0.009881,1
39,2.6175,0.69954,0.19907,0.11745,0.19907,0.0079031,1
40,2.4898,0.73533,0.18058,0.16169,0.18058,0.010384,1
41,1.0262,0.44539,0.1933,0.2459,0.1933,0.018016,1
42,1.7347,1.5787,0.29119,0.28767,0.29119,0.018286,1
43,2.0576,1.7964,0.29302,0.20592,0.29302,0.012336,1
44,2.1289,1.8241,0.28736,0.27032,0.28736,0.015498,1
45,1.756,0.66505,0.23706,0.26244,0.23706,0.017607,1
46,0.56792,0.57209,0.28591,0.41925,0.28591,0.032805,1
47,1.3853,2.6994,0.2739,0.28964,0.2739,0.015947,1
48,1.661,2.8208,0.30174,0.22757,0.30174,0.012212,1
49,1.7341,2.831,0.28454,0.30531,0.28454,0.015747,1
50,0.98573,0.79455,0.35138,0.55877,0.35138,0.045281,1
51,0.45096,0.44519,0.22088,0.50596,0.22088,0.029405,1
52,1.4565,3.1451,0.30282,0.28213,0.30282,0.015692,1
53,1.4101,2.6852,0.27555,0.26183,0.27555,0.012941,1
54,1.6446,3.6483,0.31236,0.34751,0.31236,0.017122,1
55,0.60614,0.69673,0.34392,0.60352,0.34392,0.052927,1
56,0.49676,0.43045,0.13127,0.19682,0.13127,0.017566,1
57,1.169,2.1474,0.25736,0.21874,0.25736,0.013979,1
58,1.4786,2.5185,0.31719,0.28113,0.31719,0.014761,1
59,1.2726,2.5043,0.28146,0.28729,0.28146,0.017049,1
60,0.55277,0.65364,0.57262,1.3982,0.57262,0.085774,1
61,0.66192,0.65424,0.16473,0.16821,0.16473,0.01693,1
62,0.74452,0.81224,0.17891,0.17268,0.17891,0.016346,1
63,1.0042,0.96915,0.29001,0.27231,0.29001,0.01647,1
64,1.0611,1.216,0.29147,0.26364,0.29147,0.017817,1
65,1.0619,1.5283,0.27777,0.24166,0.27777,0.018108,1
66,0.83694,0.93042,0.26888,0.22404,0.26888,0.021465,1
67,0.76317,0.67545,0.26186,0.24915,0.26186,0.025363,1
68,0.84677,0.64699,0.29065,0.29154,0.29065,0.017972,1
69,0.80653,0.63843,0.26399,0.26459,0.26399,0.016928,1
70,0.88506,1.0892,0.22636,0.18813,0.22636,0.016795,1
71,0.88872,0.99764,0.34163,0.27414,0.34163,0.034053,1
72,0.69113,0.56294,0.2416,0.21726,0.2416,0.021691,1
73,0.89185,0.65912,0.30058,0.30407,0.30058,0.018998,1
74,0.76129,0.65146,0.23965,0.24064,0.23965,0.017521,1
75,0.81126,0.85218,0.26549,0.22033,0.26549,0.023268,1
76,3.1501,0.95403,0.47295,0.44793,0.47295,0.030897,1
77,2.495,0.81286,0.37895,0.36198,0.37895,0.024273,1
78,1.9412,0.49409,0.26229,0.24395,0.26229,0.014559,1
79,2.6829,0.74614,0.54572,0.59685,0.54572,0.045443,1
80,4.2171,1.1717,0.6132,0.67329,0.6132,0.039307,1
81,3.9992,1.1448,0.54581,0.52418,0.54581,0.033046,1
82,1.6268,0.40706,0.21196,0.21139,0.21196,0.012676,1
83,1.0938,0.33883,0.19972,0.21494,0.19972,0.014893,1
84,3.2294,0.87488,0.85841,1.1132,0.85841,0.086276,1
85,3.9495,1.0073,0.65107,0.70952,0.65107,0.045277,1
86,4.5712,1.3308,0.7168,0.66249,0.7168,0.041964,1
87,2.2121,0.64311,0.32895,0.32262,0.32895,0.020533,1
88,0.79178,0.32209,0.23081,0.4265,0.23081,0.026677,1
89,3.0574,1.0573,0.93401,1.3003,0.93401,0.10283,1
90,3.9903,1.3937,0.78227,0.74386,0.78227,0.052597,1
91,2.1229,0.59052,0.34065,0.29279,0.34065,0.017476,1
92,1.7667,0.59046,0.30414,0.26046,0.30414,0.016542,1
93,0.66838,0.27901,0.15937,0.21551,0.15937,0.014733,1
94,3.4097,1.5172,1.2906,1.1388,1.2906,0.11902,1
95,4.3438,2.0513,0.92809,0.81452,0.92809,0.061723,1
96,1.8493,0.63359,0.34921,0.28463,0.34921,0.018092,1
97,1.9435,0.72472,0.40236,0.34496,0.40236,0.021941,1
98,0.82688,0.35187,0.19711,0.26277,0.19711,0.018217,1
99,3.1598,1.6595,1.478,1.0789,1.478,0.12783,1
100,3.1703,1.6578,1.4145,1.0311,1.4145,0.11834,1
101,2.3204,1.1106,0.49716,0.36884,0.49716,0.027193,1
102,1.3967,0.69199,0.506,0.36971,0.506,0.032647,1
103,1.8851,0.7202,0.41724,0.34342,0.41724,0.021786,1
104,8.3955,1.7098,1.014,0.78417,1.014,0.051381,1
105,0.86451,0.40299,0.27316,0.26669,0.27316,0.01779,1
106,2.2934,1.3858,1.2278,0.78108,1.2278,0.087537,1
107,1.9894,1.1717,0.95214,0.6181,0.95214,0.066357,1
108,2.8808,1.6183,1.5273,1.0789,1.5273,0.11198,1
109,2.6057,1.4939,1.3849,1.0309,1.3849,0.095541,1
110,1.4741,0.75266,0.61835,0.48577,0.61835,0.040867,1
111,1.4884,1.021,1.1336,0.7088,1.1336,0.0879,1
112,1.5902,1.0227,1.0963,0.73429,1.0963,0.089721,1
113,2.7733,1.6346,1.5787,1.1833,1.5787,0.11047,1
114,2.1149,0.41302,0.18739,0.11914,0.18739,0.0050777,1
115,1.9994,0.39952,0.16244,0.0969,0.16244,0.0032892,1
116,1.9359,0.37759,0.1955,0.085654,0.1955,0.0034454,1
117,2.0308,0.48055,0.2122,0.1496,0.2122,0.0064337,1
118,2.9199,0.6869,0.29973,0.21512,0.29973,0.0070724,1
119,3.2781,0.82528,0.31896,0.22169,0.31896,0.0065312,1
120,2.5374,0.6132,0.30997,0.15813,0.30997,0.0056754,1
121,1.799,0.41144,0.22403,0.093923,0.22403,0.0039792,1
122,2.1654,0.527,0.25286,0.22327,0.25286,0.011619,1
123,2.7749,0.67208,0.32882,0.24637,0.32882,0.0073017,1
124,3.3395,0.83532,0.38849,0.27554,0.38849,0.0075279,1
125,2.5462,0.77218,0.42648,0.22825,0.42648,0.0075534,1
126,1.6782,0.52345,0.30567,0.12765,0.30567,0.00545,1
127,2.0289,0.47405,0.2203,0.16664,0.2203,0.007946,1
128,2.9112,0.81242,0.40284,0.34482,0.40284,0.0077743,1
129,2.6858,0.84744,0.46336,0.25648,0.46336,0.0080898,1
130,2.2005,0.77453,0.45681,0.30211,0.45681,0.0075243,1
131,1.5297,0.49335,0.29987,0.13207,0.29987,0.0066856,1
132,2.1609,0.65314,0.2835,0.1849,0.2835,0.0077405,1
133,2.6919,0.78897,0.42362,0.32656,0.42362,0.0082395,1
134,2.5353,0.87805,0.48523,0.26631,0.48523,0.008071,1
135,2.1117,0.83887,0.47834,0.29301,0.47834,0.0082026,1
136,1.6165,0.65902,0.4027,0.20059,0.4027,0.012126,1
137,2.255,0.84889,0.34105,0.18503,0.34105,0.0081202,1
138,2.5144,0.91876,0.41309,0.22934,0.41309,0.0086661,1
139,2.2631,0.91399,0.53558,0.24684,0.53558,0.0084086,1
140,2.3218,0.89459,0.49884,0.24568,0.49884,0.0088208,1
141,1.9706,0.86026,0.43,0.23258,0.43,0.0099069,1
142,2.4607,0.93324,0.42926,0.2845,0.42926,0.012104,1
143,1.6753,0.758,0.3795,0.19625,0.3795,0.014955,1
144,1.873,0.78348,0.43321,0.19775,0.43321,0.011137,1
145,2.0241,0.87754,0.50506,0.21687,0.50506,0.01079,1
146,2.5969,0.94771,0.45559,0.28841,0.45559,0.014747,1
147,2.4471,1.1931,0.50052,0.33342,0.50052,0.020832,1
148,1.8465,1.1127,0.5201,0.31514,0.5201,0.03302,1
149,1.8524,0.75058,0.42154,0.19958,0.42154,0.012335,1
150,1.8686,1.0065,0.54458,0.39411,0.54458,0.041021,1
151,2.1245,1.5224,0.75802,0.69196,0.75802,0.084615,1
152,4.5167,1.5533,0.3424,0.087305,0.3424,2.185e-06,1
153,4.5638,1.6279,0.35589,0.080318,0.35589,1.643e-06,1
154,4.2025,1.434,0.31461,0.087717,0.31461,2.1897e-06,1
155,3.8834,1.3688,0.36193,0.090314,0.36193,2.952e-06,1
156,4.4134,1.8288,0.37875,0.090959,0.37875,1.6311e-06,1
157,5.846,2.446,0.45407,0.10529,0.45407,1.9822e-06,1
158,4.3255,1.9049,0.38517,0.095361,0.38517,1.8835e-06,1
159,1.3287,0.54669,0.15226,0.040019,0.15226,1.2025e-06,1
160,5.079,2.2704,0.57961,0.16032,0.57961,6.1495e-06,1
161,5.6823,2.5548,0.507,0.12047,0.507,2.1113e-06,1
162,5.7065,2.6909,0.44818,0.09749,0.44818,1.8995e-06,1
163,4.7576,2.2584,0.44027,0.10288,0.44027,2.5313e-06,1
164,3.9977,1.8675,0.51939,0.15884,0.51939,5.3978e-06,1
165,4.966,2.4888,0.69657,0.26194,0.69657,1.3479e-05,1
166,5.7271,2.8357,0.51195,0.12021,0.51195,2.4019e-06,1
167,5.8416,2.5834,0.45401,0.09874,0.45401,1.8373e-06,1
168,4.9646,3.0808,0.49804,0.10289,0.49804,2.6847e-06,1
169,3.8168,2.6269,1.2009,0.43312,1.2009,2.8632e-05,1
170,4.5306,2.8277,0.75309,0.29685,0.75309,1.2123e-05,1
171,5.1151,3.4125,0.51388,0.11526,0.51388,2.5513e-06,1
172,5.5082,2.9757,0.48946,0.095677,0.48946,1.9626e-06,1
173,4.8312,3.2466,0.51969,0.098271,0.51969,2.5259e-06,1
174,2.0771,1.4823,0.32758,0.070706,0.32758,3.1971e-06,1
175,4.3223,3.4556,0.70664,0.18573,0.70664,6.1245e-06,1
176,4.7203,3.6454,0.62377,0.12837,0.62377,2.9273e-06,1
177,5.1208,3.9582,0.61632,0.11763,0.61632,2.5712e-06,1
178,5.3877,3.3525,0.58935,0.10024,0.58935,2.1169e-06,1
179,4.349,3.1832,0.53527,0.093171,0.53527,2.165e-06,1
180,4.0321,3.2487,0.64582,0.10488,0.64582,2.4967e-06,1
181,4.8305,3.482,0.8566,0.13494,0.8566,3.2069e-06,1
182,4.7636,4.2352,0.89634,0.1636,0.89634,3.4066e-06,1
183,4.843,3.8982,0.75486,0.12639,0.75486,2.6438e-06,1
184,4.6184,3.3346,0.69703,0.1033,0.69703,2.2045e-06,1
185,4.5718,3.3604,0.81661,0.12867,0.81661,2.35e-06,1
186,4.9743,3.3326,0.93822,0.14808,0.93822,2.2158e-06,1
187,4.103,3.4509,0.80466,0.14193,0.80466,3.1041e-06,1
188,4.909,3.5113,0.90311,0.15849,0.90311,2.997e-06,1
189,5.1672,3.2329,0.89963,0.16189,0.89963,2.8089e-06,1
190,1.1192e-09,7.4341e-08,2.5338e-06,0.00014954,2.5338e-06,1.3133,1
191,1.296e-09,9.0044e-08,2.9124e-06,0.00016723,2.9124e-06,1.3131,1
192,1.5554e-09,1.0413e-07,2.8658e-06,0.00017055,2.8658e-06,1.3129,1
193,9.0198e-10,6.5038e-08,1.6824e-06,0.000111,1.6824e-06,1.3137,1
194,1.5274e-09,1.0164e-07,2.4444e-06,0.00015209,2.4444e-06,1.3129,1
195,5.8832e-10,6.9204e-08,1.1355e-06,8.6758e-05,1.1355e-06,1.3143,1
196,6.7937e-10,4.7821e-08,2.0098e-06,0.00022446,2.0098e-06,1.3134,1
197,1.315e-09,1.0516e-07,2.0493e-06,0.00013599,2.0493e-06,1.3132,1
198,8.5306e-10,5.2651e-08,1.6797e-06,0.00010992,1.6797e-06,1.314,1
199,5.3059e-10,8.1451e-08,1.0184e-06,8.6509e-05,1.0184e-06,1.3142,1
200,2.9506e-10,2.0766e-08,6.7339e-07,4.7139e-05,6.7339e-07,1.3144,1
201,4.4515e-10,6.6957e-08,9.1671e-07,7.8702e-05,9.1671e-07,1.3143,1
202,2.3399e-10,1.9655e-08,7.4784e-07,5.1906e-05,7.4784e-07,1.3144,1
203,2.395e-10,2.0186e-08,7.1382e-07,5.1482e-05,7.1382e-07,1.3144,1
204,2.9017e-10,3.5031e-08,7.2639e-07,6.4474e-05,7.2639e-07,1.3144,1
205,2.0278e-10,1.6673e-08,7.09e-07,5.004e-05,7.09e-07,1.3144,1
206,2.081e-10,1.832e-08,6.0608e-07,4.579e-05,6.0608e-07,1.3143,1
207,1.7605e-10,1.8958e-08,5.998e-07,4.5031e-05,5.998e-07,1.3143,1
208,1.8056e-10,1.5615e-08,6.3533e-07,4.7092e-05,6.3533e-07,1.3144,1
209,7.1202e-10,4.0139e-08,1.2898e-06,9.0094e-05,1.2898e-06,1.3135,1
210,3.6686e-10,2.6393e-08,5.9945e-07,4.8312e-05,5.9945e-07,1.3143,1
211,1.0167e-09,5.3427e-08,1.5066e-06,9.3696e-05,1.5066e-06,1.3133,1
212,3.0368e-10,3.8716e-08,5.4408e-07,4.4583e-05,5.4408e-07,1.3144,1
213,1.6361e-10,1.778e-08,5.056e-07,3.8304e-05,5.056e-07,1.3147,1
214,8.6471e-10,8.012e-08,1.458e-06,8.598e-05,1.458e-06,1.3136,1
215,3.347e-10,4.1997e-08,6.6128e-07,4.7501e-05,6.6128e-07,1.3144,1
216,1.0167e-09,5.3427e-08,1.5066e-06,9.3696e-05,1.5066e-06,1.3133,1
217,7.9204e-10,8.1776e-08,1.4461e-06,8.3269e-05,1.4461e-06,1.3138,1
218,3.7068e-10,4.4987e-08,7.9359e-07,5.3774e-05,7.9359e-07,1.3143,1
219,1.0167e-09,5.3427e-08,1.5066e-06,9.3696e-05,1.5066e-06,1.3133,1
220,6.7146e-10,7.5733e-08,1.4291e-06,7.8037e-05,1.4291e-06,1.314,1
221,2.3682e-10,3.2297e-08,8.0352e-07,5.1954e-05,8.0352e-07,1.3142,1
222,1.5094e-10,2.2209e-08,6.3686e-07,4.6285e-05,6.3686e-07,1.3143,1
223,1.0167e-09,5.3427e-08,1.5066e-06,9.3696e-05,1.5066e-06,1.3133,1
224,1.6428e-10,1.8842e-08,6.5657e-07,4.1486e-05,6.5657e-07,1.3143,1
225,8.4306e-11,1.276e-08,4.6944e-07,3.5069e-05,4.6944e-07,1.3144,1
226,2.8496e-10,1.9727e-08,9.7295e-07,5.4104e-05,9.7295e-07,1.3143,1
227,1.0728e-10,1.3484e-08,5.293e-07,3.5669e-05,5.293e-07,1.3144,1
228,1.5431,0.55917,0.31604,0.22893,0.31604,0.015297,1
229,1.4653,0.5604,0.28293,0.21047,0.28293,0.014156,1
230,0.96826,0.38731,0.25388,0.16783,0.25388,0.013939,1
231,4.1129,1.3812,0.72434,0.55509,0.72434,0.034618,1
232,4.3438,1.4284,0.67997,0.50757,0.67997,0.029719,1
233,0.86808,0.41928,0.23051,0.19459,0.23051,0.016151,1
234,3.8085,1.5455,0.73758,0.51492,0.73758,0.034096,1
235,4.6634,1.6527,0.73916,0.52842,0.73916,0.030309,1
236,1.9393,0.99752,0.55292,0.7612,0.55292,0.052677,1
237,4.0967,1.7178,0.79839,0.55141,0.79839,0.037084,1
238,0.67439,0.37662,0.29777,0.53461,0.29777,0.033375,1
239,3.397,1.8454,0.8071,0.47466,0.8071,0.032771,1
240,2.795,1.4646,0.75142,0.52078,0.75142,0.045448,1
241,3.0078,1.5611,0.79204,0.53923,0.79204,0.046965,1
242,3.383,1.8316,0.87537,0.52111,0.87537,0.042636,1
243,3.1308,1.7393,0.93489,0.55647,0.93489,0.045536,1
244,3.4507,1.8623,0.96363,0.53618,0.96363,0.042049,1
245,3.524,1.8104,0.92382,0.51645,0.92382,0.038813,1
246,3.1771,1.622,0.94637,0.55238,0.94637,0.057699,1
247,1.1728,0.4631,0.23797,0.14838,0.23797,0.011522,1
248,4.6082,1.5435,0.72041,0.51619,0.72041,0.038626,1
249,2.6435,0.86022,0.46449,0.3796,0.46449,0.0328,1
250,4.4896,1.5472,0.71836,0.47881,0.71836,0.03828,1
251,2.0046,0.84045,0.43378,0.46402,0.43378,0.043212,1
252,4.2421,1.6317,0.75521,0.46109,0.75521,0.029874,1
253,4.632,1.7836,0.82922,0.51944,0.82922,0.041519,1
254,2.4346,1.0585,0.69597,0.83372,0.69597,0.066289,1
255,4.4175,2.0517,0.93549,0.5255,0.93549,0.034955,1
256,4.2821,2.0716,0.99683,0.56871,0.99683,0.044707,1
257,2.5825,1.5406,0.9577,0.76931,0.9577,0.080596,1
258,4.2546,2.1565,1.0336,0.55294,1.0336,0.036363,1
259,4.2174,2.1207,1.0438,0.59034,1.0438,0.046368,1
260,3.4887,2.1298,1.2497,0.73686,1.2497,0.075632,1
261,3.6384,2.1865,1.3025,0.78376,1.3025,0.083105,1
262,3.6765,2.0034,1.2215,0.71037,1.2215,0.066878,1
263,3.5272,2.021,1.3294,0.80122,1.3294,0.087106,1
264,3.5354,1.9772,1.2392,0.73014,1.2392,0.070141,1
265,3.7515,2.1268,1.363,0.8051,1.363,0.081987,1
266,2.4852,1.5182,0.5818,0.25963,0.5818,0.015223,1
267,2.4044,1.4883,0.58038,0.21908,0.58038,0.0099827,1
268,2.519,2.3803,0.80671,0.47375,0.80671,0.022117,1
269,3.4678,3.7923,1.3589,0.69475,1.3589,0.021903,1
270,3.8092,4.1315,1.5122,0.70406,1.5122,0.020144,1
271,2.6977,3.022,1.2888,0.68598,1.2888,0.051672,1
272,3.8204,4.7433,1.925,0.85079,1.925,0.02282,1
273,4.2813,4.9356,1.9953,1.063,1.9953,0.022449,1
274,3.2094,4.6879,1.7777,0.66729,1.7777,0.033113,1
275,4.2645,5.9415,2.5975,1.0157,2.5975,0.022306,1
276,1.048,1.732,0.55771,0.2284,0.55771,0.011432,1
277,4.2609,6.5768,2.673,0.95315,2.673,0.022173,1
278,3.6265,5.9929,2.0154,0.79173,2.0154,0.0343,1
279,4.014,6.8825,2.3527,0.84351,2.3527,0.029697,1
280,4.4606,7.44,2.56,0.88061,2.56,0.024659,1
281,3.8112,6.2904,2.2147,0.86188,2.2147,0.040854,1
282,4.3769,6.9038,2.3337,0.77099,2.3337,0.025933,1
283,4.0613,6.1939,2.0568,0.68957,2.0568,0.022346,1
284,3.9804,6.2151,2.0494,0.70991,2.0494,0.025634,1
285,1.3234,0.54202,0.22542,0.10897,0.22542,0.0064238,1
286,2.9297,2.6196,1.1185,0.62716,1.1185,0.021519,1
287,0.78697,0.3387,0.14379,0.076281,0.14379,0.005559,1
288,3.2598,3.3238,1.6379,0.75305,1.6379,0.019034,1
289,0.28208,0.1405,0.065084,0.036866,0.065084,0.002557,1
290,3.4827,3.9461,1.724,0.88807,1.724,0.016117,1
291,3.4585,4.0629,2.2125,0.91896,2.2125,0.017292,1
292,0.48764,0.30451,0.17727,0.069572,0.17727,0.0036364,1
293,2.9676,4.0741,1.4801,0.58228,1.4801,0.012626,1
294,2.9975,3.8125,1.8231,0.69925,1.8231,0.01482,1
295,1.4428,1.9013,0.86752,0.51277,0.86752,0.031598,1
296,2.8564,4.0075,1.3647,0.47648,1.3647,0.012417,1
297,3.1744,4.9402,1.7028,0.64108,1.7028,0.01539,1
298,2.9122,4.6648,1.4972,0.58305,1.4972,0.015312,1
299,1.7045,2.4279,0.74051,0.27699,0.74051,0.010226,1
300,2.9982,5.2027,1.5784,0.53758,1.5784,0.015592,1
301,3.0064,4.6644,1.4871,0.52602,1.4871,0.015075,1
302,2.9399,4.7725,1.4901,0.51137,1.4901,0.015201,1
303,2.8396,4.9184,1.4923,0.5079,1.4923,0.015014,1
304,0.15311,0.22856,0.27283,0.40006,0.27283,1.1817,1
305,0.15819,0.2384,0.27928,0.40128,0.27928,1.1856,1
306,0.02414,0.04941,0.090079,0.2465,0.090079,1.23,1
307,0.038555,0.08482,0.14302,0.32113,0.14302,1.2122,1
308,0.043714,0.099383,0.15555,0.33306,0.15555,1.2074,1
309,0.019727,0.042506,0.081254,0.23554,0.081254,1.2325,1
310,0.033097,0.076969,0.13078,0.30632,0.13078,1.2149,1
311,0.039781,0.095229,0.15204,0.32849,0.15204,1.2084,1
312,0.012344,0.030937,0.066524,0.2082,0.066524,1.2396,1
313,0.02603,0.065555,0.1155,0.27601,0.1155,1.2199,1
314,0.011719,0.032709,0.071221,0.21699,0.071221,1.2346,1
315,0.01983,0.055211,0.10541,0.25396,0.10541,1.224,1
316,0.013035,0.036769,0.080254,0.21028,0.080254,1.2353,1
317,0.01623,0.045876,0.096981,0.23137,0.096981,1.2292,1
318,0.018271,0.051236,0.10505,0.244,0.10505,1.2258,1
319,0.013773,0.038604,0.086172,0.21021,0.086172,1.2352,1
320,0.0196,0.052382,0.10739,0.24551,0.10739,1.2258,1
321,0.020238,0.053492,0.108,0.25252,0.108,1.2239,1
322,0.018761,0.048931,0.10245,0.23979,0.10245,1.2269,1
323,0.21872,0.32893,0.38562,0.50178,0.38562,1.1625,1
324,0.053225,0.11426,0.20066,0.38702,0.20066,1.2004,1
325,0.12404,0.18095,0.2215,0.3092,0.2215,1.2117,1
326,0.04692,0.10474,0.19276,0.38282,0.19276,1.2025,1
327,0.079826,0.12145,0.16987,0.26948,0.16987,1.2219,1
328,0.043549,0.11755,0.21032,0.40723,0.21032,1.1897,1
329,0.037123,0.088438,0.16838,0.36032,0.16838,1.2076,1
330,0.054844,0.086724,0.13001,0.24159,0.13001,1.2284,1
331,0.037968,0.10656,0.20433,0.39386,0.20433,1.1918,1
332,0.02367,0.066273,0.14201,0.3172,0.14201,1.2124,1
333,0.013722,0.026473,0.062283,0.19876,0.062283,1.2411,1
334,0.032519,0.094522,0.19435,0.37728,0.19435,1.1955,1
335,0.019718,0.057555,0.13229,0.30005,0.13229,1.215,1
336,0.016264,0.049378,0.11599,0.27356,0.11599,1.221,1
337,0.0093046,0.026306,0.065992,0.1962,0.065992,1.2398,1
338,0.018542,0.055955,0.14488,0.30192,0.14488,1.2133,1
339,0.01589,0.04836,0.11657,0.26825,0.11657,1.2201,1
340,0.01875,0.055023,0.13219,0.28436,0.13219,1.2159,1
341,0.015887,0.047836,0.11545,0.26288,0.11545,1.2207,1
342,1.5997,1.0003,1.4366,1.5974,1.4366,0.18749,1
343,2.278,1.1186,0.77478,0.67615,0.77478,0.044505,1
344,2.2638,1.0344,0.7637,0.62336,0.7637,0.055618,1
345,1.7086,1.243,1.6595,2.4209,1.6595,0.23347,1
346,3.6722,2.0196,1.7392,1.4407,1.7392,0.094208,1
347,3.5591,2.0007,1.4811,1.1656,1.4811,0.063629,1
348,3.3324,1.7106,1.6026,1.2582,1.6026,0.08743,1
349,1.5683,0.70073,0.59415,0.56814,0.59415,0.058557,1
350,1.3927,1.4699,2.4599,3.0065,2.4599,0.28409,1
351,2.6815,1.8914,1.5639,1.2771,1.5639,0.094586,1
352,4.0953,2.7213,2.0251,1.6312,2.0251,0.08716,1
353,2.8955,1.8254,1.7623,1.5682,1.7623,0.10863,1
354,2.0897,1.1376,1.2872,1.3281,1.2872,0.15744,1
355,1.0048,1.5273,2.7689,3.0927,2.7689,0.31457,1
356,3.1114,3.1627,2.2893,1.8453,2.2893,0.14054,1
357,2.9711,2.3852,1.7316,1.5098,1.7316,0.11221,1
358,3.0482,2.8562,2.2248,2.3535,2.2248,0.16752,1
359,0.99667,0.88851,1.6324,2.5774,1.6324,0.27451,1
360,1.341,2.3847,2.4111,2.9415,2.4111,0.36202,1
361,2.6208,3.3381,2.3775,1.8784,2.3775,0.17117,1
362,3.0649,3.3227,2.0886,1.8766,2.0886,0.14727,1
363,1.9382,2.4918,1.8732,2.0279,1.8732,0.20355,1
364,1.2997,1.6736,1.7788,2.3561,1.7788,0.29252,1
365,1.2161,2.7578,2.3143,2.8866,2.3143,0.46115,1
366,1.5775,2.9759,2.4788,2.7089,2.4788,0.40114,1
367,3.0936,3.7767,2.6783,1.9315,2.6783,0.20612,1
368,2.9654,3.5906,2.3428,1.8939,2.3428,0.18644,1
369,1.9542,2.7179,2.1324,2.2558,2.1324,0.24728,1
370,1.5418,2.2809,2.1994,2.4512,2.1994,0.30778,1
371,1.5012,2.1297,1.9929,2.4433,1.9929,0.31423,1
372,1.7765,2.4802,2.4173,2.4114,2.4173,0.38321,1
373,2.6552,2.9147,2.58,2.2439,2.58,0.31207,1
374,2.4048,3.0682,2.64,2.4028,2.64,0.3329,1
375,1.7905,2.5943,2.3825,2.4432,2.3825,0.37517,1
376,1.5627,2.4714,2.3541,2.4949,2.3541,0.38293,1
377,2.4063,2.7314,2.4832,2.1877,2.4832,0.30896,1
378,1.7335,2.3199,2.149,2.2663,2.149,0.33514,1
379,1.6499,2.526,2.3733,2.5083,2.3733,0.38793,1
380,3.9587,1.4495,0.75285,0.61749,0.75285,0.028021,1
381,4.6735,2.0064,0.92466,0.66624,0.92466,0.022385,1
382,4.1263,1.6377,0.68525,0.60074,0.68525,0.019329,1
383,3.2902,1.1234,0.72114,0.8045,0.72114,0.043528,1
384,5.4054,2.5449,1.2028,0.99186,1.2028,0.037347,1
385,5.122,2.4394,1.1122,0.7622,1.1122,0.024589,1
386,3.8857,2.4744,0.93587,0.87358,0.93587,0.027701,1
387,2.2277,1.2362,0.81789,1.0877,0.81789,0.067921,1
388,2.9701,1.1019,0.67888,0.74166,0.67888,0.035002,1
389,4.7133,2.9918,1.1761,0.93853,1.1761,0.038018,1
390,4.9476,2.9292,1.231,0.78439,1.231,0.026761,1
391,3.6285,4.2384,1.1304,0.99113,1.1304,0.029833,1
392,1.592,0.9889,0.67183,0.67596,0.67183,0.039506,1
393,2.9133,1.2492,0.8697,1.5103,0.8697,0.080961,1
394,4.1605,4.9154,1.4787,1.0789,1.4787,0.052969,1
395,4.2362,4.7044,1.3208,0.77761,1.3208,0.026035,1
396,3.3144,4.3228,1.1106,0.85396,1.1106,0.029682,1
397,1.5153,1.4203,1.2721,1.4668,1.2721,0.092046,1
398,1.652,1.1834,0.78636,0.81292,0.78636,0.056896,1
399,3.9985,5.3246,1.705,1.2349,1.705,0.072637,1
400,3.3264,4.6031,1.3606,0.76615,1.3606,0.036927,1
401,3.2081,4.6385,1.2928,0.8286,1.2928,0.039224,1
402,1.1084,1.0455,0.71656,0.76582,0.71656,0.045378,1
403,2.8874,3.1433,1.4483,1.2385,1.4483,0.1148,1
404,2.8627,3.2783,1.5929,1.3042,1.5929,0.115,1
405,3.8542,5.4065,1.8077,1.3071,1.8077,0.087236,1
406,3.1379,4.2435,1.3159,0.78446,1.3159,0.045509,1
407,3.309,4.3407,1.3488,0.86878,1.3488,0.045624,1
408,2.2078,2.6026,0.93281,0.66788,0.93281,0.037192,1
409,1.9735,1.9059,0.84167,0.7314,0.84167,0.041263,1
410,2.9077,3.2057,1.4835,1.2926,1.4835,0.12549,1
411,2.9841,3.5439,1.6675,1.5819,1.6675,0.21469,1
412,3.0513,3.6571,1.3551,1.1375,1.3551,0.11927,1
413,3.2089,3.3323,1.2749,0.99782,1.2749,0.065707,1
414,3.0027,2.7521,1.1517,0.93356,1.1517,0.055243,1
415,2.4131,2.7088,1.184,1.0828,1.184,0.10944,1
416,3.0144,2.6813,1.1844,0.90117,1.1844,0.050691,1
417,2.4031,2.1751,0.92472,0.72843,0.92472,0.040705,1
418,0.14259,0.042845,0.02331,0.014365,0.02331,0.0014269,1
419,0.5049,0.17262,0.10381,0.066865,0.10381,0.0042473,1
420,1.3125,0.50985,0.31549,0.21551,0.31549,0.011188,1
421,0.90015,0.36461,0.24579,0.20006,0.24579,0.013479,1
422,3.3861,1.4675,0.86758,0.64592,0.86758,0.033033,1
423,2.3202,1.2126,0.7758,0.72041,0.7758,0.050134,1
424,0.17725,0.068293,0.041269,0.029432,0.041269,0.0026396,1
425,3.6794,1.8785,1.07,0.82867,1.07,0.045279,1
426,0.16926,0.066931,0.038588,0.030295,0.038588,0.0025213,1
427,1.0919,0.6505,0.39963,0.34903,0.39963,0.024851,1
428,0.21816,0.090585,0.055202,0.037825,0.055202,0.003731,1
429,0.96604,0.76895,0.46979,0.39174,0.46979,0.032042,1
430,0.45436,0.45753,0.31312,0.27285,0.31312,0.032246,1
431,0.53417,0.57165,0.39006,0.33712,0.39006,0.039259,1
432,0.89309,0.93459,0.5958,0.47034,0.5958,0.044448,1
433,0.54465,0.76079,0.52524,0.4842,0.52524,0.062174,1
434,0.077108,0.081752,0.052536,0.043329,0.052536,0.0055291,1
435,1.107,2.0249,1.3039,1.039,1.3039,0.1194,1
436,0.6575,1.3357,0.89475,0.83298,0.89475,0.11245,1
437,1.1633,0.43183,0.27104,0.20898,0.27104,0.014985,1
438,2.0178,0.85697,0.58472,0.51004,0.58472,0.037723,1
439,1.4026,0.54149,0.35288,0.26637,0.35288,0.017855,1
440,2.0204,0.93509,0.63032,0.57828,0.63032,0.044343,1
441,0.40671,0.16724,0.11597,0.10362,0.11597,0.0094696,1
442,2.0269,1.1458,0.79026,0.62795,0.79026,0.044761,1
443,1.8255,1.1209,0.74463,0.70243,0.74463,0.058604,1
444,1.4026,0.54149,0.35288,0.26637,0.35288,0.017855,1
445,1.9235,1.3954,0.94774,0.7296,0.94774,0.058206,1
446,1.7122,1.2986,0.8706,0.76994,0.8706,0.068663,1
447,1.4026,0.54149,0.35288,0.26637,0.35288,0.017855,1
448,1.696,1.7863,1.1907,0.90014,1.1907,0.085101,1
449,1.7013,1.789,1.2501,0.91601,1.2501,0.086971,1
450,0.84363,0.79239,0.57899,0.43268,0.57899,0.042534,1
451,1.4026,0.54149,0.35288,0.26637,0.35288,0.017855,1
452,1.3138,2.27,1.6681,1.278,1.6681,0.14372,1
453,0.58043,0.74334,0.60622,0.45603,0.60622,0.049989,1
454,0.94549,1.8773,1.3057,1.1266,1.3057,0.1455,1
455,0.93617,1.7102,1.2636,0.99547,1.2636,0.11708,1
